<?xml version="1.0" encoding="UTF-8"?>
<hibernate-generic datetime="2009-07-10 09:07:56">
<object class="ConfluenceBandanaRecord" package="com.atlassian.confluence.setup.bandana">
<id name="id">68649495</id>
<property name="context"><![CDATA[XWiki]]></property>
<property name="key"><![CDATA[atlassian.confluence.css.resource.counter]]></property>
<property name="value"><![CDATA[<int>1</int>]]></property>
</object>
<object class="Space" package="com.atlassian.confluence.spaces">
<id name="id">68943935</id>
<property name="name"><![CDATA[XWiki Importer]]></property>
<property name="key"><![CDATA[XWiki]]></property>
<property name="description" class="SpaceDescription" package="com.atlassian.confluence.spaces"><id name="id">68748473</id>
</property>
<property name="homePage" class="Page" package="com.atlassian.confluence.pages"><id name="id">68748474</id>
</property>
<collection name="permissions"><element class="SpacePermission" package="com.atlassian.confluence.security"><id name="id">68978622</id>
</element>
<element class="SpacePermission" package="com.atlassian.confluence.security"><id name="id">68978623</id>
</element>
<element class="SpacePermission" package="com.atlassian.confluence.security"><id name="id">68978624</id>
</element>
<element class="SpacePermission" package="com.atlassian.confluence.security"><id name="id">68978625</id>
</element>
<element class="SpacePermission" package="com.atlassian.confluence.security"><id name="id">68978626</id>
</element>
<element class="SpacePermission" package="com.atlassian.confluence.security"><id name="id">68978627</id>
</element>
<element class="SpacePermission" package="com.atlassian.confluence.security"><id name="id">68978628</id>
</element>
<element class="SpacePermission" package="com.atlassian.confluence.security"><id name="id">68978629</id>
</element>
<element class="SpacePermission" package="com.atlassian.confluence.security"><id name="id">68978630</id>
</element>
<element class="SpacePermission" package="com.atlassian.confluence.security"><id name="id">68978631</id>
</element>
<element class="SpacePermission" package="com.atlassian.confluence.security"><id name="id">68978632</id>
</element>
<element class="SpacePermission" package="com.atlassian.confluence.security"><id name="id">68978633</id>
</element>
<element class="SpacePermission" package="com.atlassian.confluence.security"><id name="id">68978634</id>
</element>
<element class="SpacePermission" package="com.atlassian.confluence.security"><id name="id">68978635</id>
</element>
<element class="SpacePermission" package="com.atlassian.confluence.security"><id name="id">68978636</id>
</element>
<element class="SpacePermission" package="com.atlassian.confluence.security"><id name="id">68978637</id>
</element>
<element class="SpacePermission" package="com.atlassian.confluence.security"><id name="id">68978638</id>
</element>
<element class="SpacePermission" package="com.atlassian.confluence.security"><id name="id">68978639</id>
</element>
<element class="SpacePermission" package="com.atlassian.confluence.security"><id name="id">68978640</id>
</element>
<element class="SpacePermission" package="com.atlassian.confluence.security"><id name="id">68978641</id>
</element>
<element class="SpacePermission" package="com.atlassian.confluence.security"><id name="id">68978642</id>
</element>
<element class="SpacePermission" package="com.atlassian.confluence.security"><id name="id">68978643</id>
</element>
<element class="SpacePermission" package="com.atlassian.confluence.security"><id name="id">68978644</id>
</element>
<element class="SpacePermission" package="com.atlassian.confluence.security"><id name="id">68978645</id>
</element>
<element class="SpacePermission" package="com.atlassian.confluence.security"><id name="id">68978646</id>
</element>
<element class="SpacePermission" package="com.atlassian.confluence.security"><id name="id">68978647</id>
</element>
<element class="SpacePermission" package="com.atlassian.confluence.security"><id name="id">68978648</id>
</element>
<element class="SpacePermission" package="com.atlassian.confluence.security"><id name="id">68978649</id>
</element>
<element class="SpacePermission" package="com.atlassian.confluence.security"><id name="id">68978651</id>
</element>
<element class="SpacePermission" package="com.atlassian.confluence.security"><id name="id">68978652</id>
</element>
<element class="SpacePermission" package="com.atlassian.confluence.security"><id name="id">68978653</id>
</element>
<element class="SpacePermission" package="com.atlassian.confluence.security"><id name="id">68978654</id>
</element>
<element class="SpacePermission" package="com.atlassian.confluence.security"><id name="id">68978655</id>
</element>
<element class="SpacePermission" package="com.atlassian.confluence.security"><id name="id">68978656</id>
</element>
<element class="SpacePermission" package="com.atlassian.confluence.security"><id name="id">68978657</id>
</element>
<element class="SpacePermission" package="com.atlassian.confluence.security"><id name="id">68978658</id>
</element>
</collection>
<property name="creatorName"><![CDATA[arunreddy.bits@gmail.com]]></property>
<property name="creationDate">2009-07-10 00:02:59.015</property>
<property name="lastModifierName"><![CDATA[arunreddy.bits@gmail.com]]></property>
<property name="lastModificationDate">2009-07-10 09:05:33.730</property>
<property name="spaceType">global</property>
</object>
<object class="Page" package="com.atlassian.confluence.pages">
<id name="id">68749110</id>
<property name="position"/><property name="parent" class="Page" package="com.atlassian.confluence.pages"><id name="id">68748474</id>
</property>
<collection name="children"><element class="Page" package="com.atlassian.confluence.pages"><id name="id">68748492</id>
</element>
</collection>
<collection name="ancestors"><element class="Page" package="com.atlassian.confluence.pages"><id name="id">68748474</id>
</element>
</collection>
<collection name="comments"><element class="Comment" package="com.atlassian.confluence.pages"><id name="id">68749111</id>
</element>
<element class="Comment" package="com.atlassian.confluence.pages"><id name="id">68749112</id>
</element>
</collection>
<property name="space" class="Space" package="com.atlassian.confluence.spaces"><id name="id">68943935</id>
</property>
<property name="title"><![CDATA[Confluence Features]]></property>
<collection name="bodyContents"><element class="BodyContent" package="com.atlassian.confluence.core"><id name="id">68814182</id>
</element>
</collection>
<collection name="outgoingLinks"><element class="OutgoingLink" package="com.atlassian.confluence.links"><id name="id">68847010</id>
</element>
<element class="OutgoingLink" package="com.atlassian.confluence.links"><id name="id">68847009</id>
</element>
</collection>
<property name="version">1</property>
<property name="creatorName"><![CDATA[arunreddy.bits@gmail.com]]></property>
<property name="creationDate">2009-07-10 07:36:25.117</property>
<property name="lastModifierName"><![CDATA[arunreddy.bits@gmail.com]]></property>
<property name="lastModificationDate">2009-07-10 07:36:25.117</property>
<property name="versionComment"><![CDATA[]]></property>
<property name="contentStatus"><![CDATA[current]]></property>
<collection name="labellings"><element class="Labelling" package="com.atlassian.confluence.labels"><id name="id">69075026</id>
</element>
<element class="Labelling" package="com.atlassian.confluence.labels"><id name="id">69075025</id>
</element>
<element class="Labelling" package="com.atlassian.confluence.labels"><id name="id">69075024</id>
</element>
</collection>
</object>
<object class="Page" package="com.atlassian.confluence.pages">
<id name="id">68749117</id>
<property name="position"/><property name="parent" class="Page" package="com.atlassian.confluence.pages"><id name="id">68748474</id>
</property>
<collection name="ancestors"><element class="Page" package="com.atlassian.confluence.pages"><id name="id">68748474</id>
</element>
</collection>
<property name="space" class="Space" package="com.atlassian.confluence.spaces"><id name="id">68943935</id>
</property>
<property name="title"><![CDATA[Google Summer of Code™ 2009]]></property>
<collection name="bodyContents"><element class="BodyContent" package="com.atlassian.confluence.core"><id name="id">68814189</id>
</element>
</collection>
<collection name="outgoingLinks"><element class="OutgoingLink" package="com.atlassian.confluence.links"><id name="id">68847064</id>
</element>
<element class="OutgoingLink" package="com.atlassian.confluence.links"><id name="id">68847063</id>
</element>
<element class="OutgoingLink" package="com.atlassian.confluence.links"><id name="id">68847062</id>
</element>
<element class="OutgoingLink" package="com.atlassian.confluence.links"><id name="id">68847061</id>
</element>
<element class="OutgoingLink" package="com.atlassian.confluence.links"><id name="id">68847060</id>
</element>
<element class="OutgoingLink" package="com.atlassian.confluence.links"><id name="id">68847059</id>
</element>
<element class="OutgoingLink" package="com.atlassian.confluence.links"><id name="id">68847058</id>
</element>
<element class="OutgoingLink" package="com.atlassian.confluence.links"><id name="id">68847057</id>
</element>
<element class="OutgoingLink" package="com.atlassian.confluence.links"><id name="id">68847056</id>
</element>
<element class="OutgoingLink" package="com.atlassian.confluence.links"><id name="id">68847055</id>
</element>
<element class="OutgoingLink" package="com.atlassian.confluence.links"><id name="id">68847054</id>
</element>
<element class="OutgoingLink" package="com.atlassian.confluence.links"><id name="id">68847053</id>
</element>
<element class="OutgoingLink" package="com.atlassian.confluence.links"><id name="id">68847052</id>
</element>
</collection>
<property name="version">3</property>
<property name="creatorName"><![CDATA[arunreddy.bits@gmail.com]]></property>
<property name="creationDate">2009-07-10 07:49:59.119</property>
<property name="lastModifierName"><![CDATA[arunreddy.bits@gmail.com]]></property>
<property name="lastModificationDate">2009-07-10 07:55:48.562</property>
<property name="versionComment"/><collection name="historicalVersions"><element class="Page" package="com.atlassian.confluence.pages"><id name="id">68749122</id>
</element>
<element class="Page" package="com.atlassian.confluence.pages"><id name="id">68749121</id>
</element>
</collection>
<property name="contentStatus"><![CDATA[current]]></property>
<collection name="attachments"><element class="Attachment" package="com.atlassian.confluence.pages"><id name="id">68878802</id>
</element>
</collection>
</object>
<object class="Page" package="com.atlassian.confluence.pages">
<id name="id">68748492</id>
<property name="position"/><property name="parent" class="Page" package="com.atlassian.confluence.pages"><id name="id">68749110</id>
</property>
<collection name="ancestors"><element class="Page" package="com.atlassian.confluence.pages"><id name="id">68748474</id>
</element>
<element class="Page" package="com.atlassian.confluence.pages"><id name="id">68749110</id>
</element>
</collection>
<collection name="comments"><element class="Comment" package="com.atlassian.confluence.pages"><id name="id">68749113</id>
</element>
<element class="Comment" package="com.atlassian.confluence.pages"><id name="id">68749114</id>
</element>
</collection>
<property name="space" class="Space" package="com.atlassian.confluence.spaces"><id name="id">68943935</id>
</property>
<property name="title"><![CDATA[Confluence Syntax]]></property>
<collection name="bodyContents"><element class="BodyContent" package="com.atlassian.confluence.core"><id name="id">68813818</id>
</element>
</collection>
<property name="version">4</property>
<property name="creatorName"><![CDATA[arunreddy.bits@gmail.com]]></property>
<property name="creationDate">2009-07-10 00:42:19.658</property>
<property name="lastModifierName"><![CDATA[arunreddy.bits@gmail.com]]></property>
<property name="lastModificationDate">2009-07-10 07:43:40.068</property>
<property name="versionComment"><![CDATA[]]></property>
<collection name="historicalVersions"><element class="Page" package="com.atlassian.confluence.pages"><id name="id">68749115</id>
</element>
<element class="Page" package="com.atlassian.confluence.pages"><id name="id">68748512</id>
</element>
<element class="Page" package="com.atlassian.confluence.pages"><id name="id">68748505</id>
</element>
</collection>
<property name="contentStatus"><![CDATA[current]]></property>
<collection name="labellings"><element class="Labelling" package="com.atlassian.confluence.labels"><id name="id">69075030</id>
</element>
<element class="Labelling" package="com.atlassian.confluence.labels"><id name="id">69075029</id>
</element>
<element class="Labelling" package="com.atlassian.confluence.labels"><id name="id">69075028</id>
</element>
<element class="Labelling" package="com.atlassian.confluence.labels"><id name="id">69075027</id>
</element>
</collection>
</object>
<object class="Page" package="com.atlassian.confluence.pages">
<id name="id">68748474</id>
<property name="position"/><collection name="children"><element class="Page" package="com.atlassian.confluence.pages"><id name="id">68749117</id>
</element>
<element class="Page" package="com.atlassian.confluence.pages"><id name="id">68749110</id>
</element>
<element class="Page" package="com.atlassian.confluence.pages"><id name="id">68748490</id>
</element>
</collection>
<collection name="comments"><element class="Comment" package="com.atlassian.confluence.pages"><id name="id">68749107</id>
</element>
</collection>
<property name="space" class="Space" package="com.atlassian.confluence.spaces"><id name="id">68943935</id>
</property>
<property name="title"><![CDATA[Home]]></property>
<collection name="bodyContents"><element class="BodyContent" package="com.atlassian.confluence.core"><id name="id">68813804</id>
</element>
</collection>
<property name="version">3</property>
<property name="creatorName"><![CDATA[csh_admin]]></property>
<property name="creationDate">2009-07-10 00:02:59.048</property>
<property name="lastModifierName"><![CDATA[arunreddy.bits@gmail.com]]></property>
<property name="lastModificationDate">2009-07-10 00:36:58.535</property>
<property name="versionComment"/><collection name="historicalVersions"><element class="Page" package="com.atlassian.confluence.pages"><id name="id">68748484</id>
</element>
<element class="Page" package="com.atlassian.confluence.pages"><id name="id">68748478</id>
</element>
</collection>
<property name="contentStatus"><![CDATA[current]]></property>
<collection name="attachments"><element class="Attachment" package="com.atlassian.confluence.pages"><id name="id">68878729</id>
</element>
</collection>
</object>
<object class="Page" package="com.atlassian.confluence.pages">
<id name="id">68748490</id>
<property name="position"/><property name="parent" class="Page" package="com.atlassian.confluence.pages"><id name="id">68748474</id>
</property>
<collection name="ancestors"><element class="Page" package="com.atlassian.confluence.pages"><id name="id">68748474</id>
</element>
</collection>
<property name="space" class="Space" package="com.atlassian.confluence.spaces"><id name="id">68943935</id>
</property>
<property name="title"><![CDATA[MediaWiki Features]]></property>
<collection name="bodyContents"><element class="BodyContent" package="com.atlassian.confluence.core"><id name="id">68813817</id>
</element>
</collection>
<property name="version">1</property>
<property name="creatorName"><![CDATA[arunreddy.bits@gmail.com]]></property>
<property name="creationDate">2009-07-10 00:40:54.182</property>
<property name="lastModifierName"><![CDATA[arunreddy.bits@gmail.com]]></property>
<property name="lastModificationDate">2009-07-10 00:40:54.182</property>
<property name="versionComment"><![CDATA[]]></property>
<property name="contentStatus"><![CDATA[current]]></property>
</object>
<object class="SpacePermission" package="com.atlassian.confluence.security">
<id name="id">68978635</id>
<property name="space" class="Space" package="com.atlassian.confluence.spaces"><id name="id">68943935</id>
</property>
<property name="type"><![CDATA[SETPAGEPERMISSIONS]]></property>
<property name="group"/><property name="userName"><![CDATA[arunreddy.bits@gmail.com]]></property>
<property name="creatorName"><![CDATA[csh_admin]]></property>
<property name="creationDate">2009-07-10 00:02:59.016</property>
<property name="lastModifierName"><![CDATA[csh_admin]]></property>
<property name="lastModificationDate">2009-07-10 00:02:59.016</property>
</object>
<object class="SpacePermission" package="com.atlassian.confluence.security">
<id name="id">68978636</id>
<property name="space" class="Space" package="com.atlassian.confluence.spaces"><id name="id">68943935</id>
</property>
<property name="type"><![CDATA[VIEWSPACE]]></property>
<property name="group"/><property name="userName"><![CDATA[arunreddy.bits@gmail.com]]></property>
<property name="creatorName"><![CDATA[csh_admin]]></property>
<property name="creationDate">2009-07-10 00:02:59.075</property>
<property name="lastModifierName"><![CDATA[csh_admin]]></property>
<property name="lastModificationDate">2009-07-10 00:02:59.075</property>
</object>
<object class="SpacePermission" package="com.atlassian.confluence.security">
<id name="id">68978633</id>
<property name="space" class="Space" package="com.atlassian.confluence.spaces"><id name="id">68943935</id>
</property>
<property name="type"><![CDATA[EXPORTSPACE]]></property>
<property name="group"/><property name="userName"><![CDATA[arunreddy.bits@gmail.com]]></property>
<property name="creatorName"><![CDATA[csh_admin]]></property>
<property name="creationDate">2009-07-10 00:02:59.016</property>
<property name="lastModifierName"><![CDATA[csh_admin]]></property>
<property name="lastModificationDate">2009-07-10 00:02:59.016</property>
</object>
<object class="SpacePermission" package="com.atlassian.confluence.security">
<id name="id">68978634</id>
<property name="space" class="Space" package="com.atlassian.confluence.spaces"><id name="id">68943935</id>
</property>
<property name="type"><![CDATA[REMOVEMAIL]]></property>
<property name="group"/><property name="userName"><![CDATA[arunreddy.bits@gmail.com]]></property>
<property name="creatorName"><![CDATA[csh_admin]]></property>
<property name="creationDate">2009-07-10 00:02:59.016</property>
<property name="lastModifierName"><![CDATA[csh_admin]]></property>
<property name="lastModificationDate">2009-07-10 00:02:59.016</property>
</object>
<object class="SpacePermission" package="com.atlassian.confluence.security">
<id name="id">68978639</id>
<property name="space" class="Space" package="com.atlassian.confluence.spaces"><id name="id">68943935</id>
</property>
<property name="type"><![CDATA[SETSPACEPERMISSIONS]]></property>
<property name="group"/><property name="userName"><![CDATA[arunreddy.bits@gmail.com]]></property>
<property name="creatorName"><![CDATA[csh_admin]]></property>
<property name="creationDate">2009-07-10 00:02:59.075</property>
<property name="lastModifierName"><![CDATA[csh_admin]]></property>
<property name="lastModificationDate">2009-07-10 00:02:59.075</property>
</object>
<object class="SpacePermission" package="com.atlassian.confluence.security">
<id name="id">68978640</id>
<property name="space" class="Space" package="com.atlassian.confluence.spaces"><id name="id">68943935</id>
</property>
<property name="type"><![CDATA[REMOVEPAGE]]></property>
<property name="group"/><property name="userName"><![CDATA[arunreddy.bits@gmail.com]]></property>
<property name="creatorName"><![CDATA[csh_admin]]></property>
<property name="creationDate">2009-07-10 00:02:59.075</property>
<property name="lastModifierName"><![CDATA[csh_admin]]></property>
<property name="lastModificationDate">2009-07-10 00:02:59.075</property>
</object>
<object class="SpacePermission" package="com.atlassian.confluence.security">
<id name="id">68978637</id>
<property name="space" class="Space" package="com.atlassian.confluence.spaces"><id name="id">68943935</id>
</property>
<property name="type"><![CDATA[COMMENT]]></property>
<property name="group"/><property name="userName"><![CDATA[arunreddy.bits@gmail.com]]></property>
<property name="creatorName"><![CDATA[csh_admin]]></property>
<property name="creationDate">2009-07-10 00:02:59.075</property>
<property name="lastModifierName"><![CDATA[csh_admin]]></property>
<property name="lastModificationDate">2009-07-10 00:02:59.075</property>
</object>
<object class="SpacePermission" package="com.atlassian.confluence.security">
<id name="id">68978638</id>
<property name="space" class="Space" package="com.atlassian.confluence.spaces"><id name="id">68943935</id>
</property>
<property name="type"><![CDATA[EDITSPACE]]></property>
<property name="group"/><property name="userName"><![CDATA[arunreddy.bits@gmail.com]]></property>
<property name="creatorName"><![CDATA[csh_admin]]></property>
<property name="creationDate">2009-07-10 00:02:59.075</property>
<property name="lastModifierName"><![CDATA[csh_admin]]></property>
<property name="lastModificationDate">2009-07-10 00:02:59.075</property>
</object>
<object class="SpacePermission" package="com.atlassian.confluence.security">
<id name="id">68978627</id>
<property name="space" class="Space" package="com.atlassian.confluence.spaces"><id name="id">68943935</id>
</property>
<property name="type"><![CDATA[REMOVECOMMENT]]></property>
<property name="group"/><property name="userName"><![CDATA[arunreddy.bits@gmail.com]]></property>
<property name="creatorName"><![CDATA[csh_admin]]></property>
<property name="creationDate">2009-07-10 00:02:59.016</property>
<property name="lastModifierName"><![CDATA[csh_admin]]></property>
<property name="lastModificationDate">2009-07-10 00:02:59.016</property>
</object>
<object class="SpacePermission" package="com.atlassian.confluence.security">
<id name="id">68978628</id>
<property name="space" class="Space" package="com.atlassian.confluence.spaces"><id name="id">68943935</id>
</property>
<property name="type"><![CDATA[REMOVEBLOG]]></property>
<property name="group"/><property name="userName"><![CDATA[arunreddy.bits@gmail.com]]></property>
<property name="creatorName"><![CDATA[csh_admin]]></property>
<property name="creationDate">2009-07-10 00:02:59.016</property>
<property name="lastModifierName"><![CDATA[csh_admin]]></property>
<property name="lastModificationDate">2009-07-10 00:02:59.016</property>
</object>
<object class="SpacePermission" package="com.atlassian.confluence.security">
<id name="id">68978625</id>
<property name="space" class="Space" package="com.atlassian.confluence.spaces"><id name="id">68943935</id>
</property>
<property name="type"><![CDATA[SETSPACEPERMISSIONS]]></property>
<property name="group"/><property name="userName"><![CDATA[arunreddy.bits@gmail.com]]></property>
<property name="creatorName"><![CDATA[csh_admin]]></property>
<property name="creationDate">2009-07-10 00:02:59.016</property>
<property name="lastModifierName"><![CDATA[csh_admin]]></property>
<property name="lastModificationDate">2009-07-10 00:02:59.016</property>
</object>
<object class="SpacePermission" package="com.atlassian.confluence.security">
<id name="id">68978626</id>
<property name="space" class="Space" package="com.atlassian.confluence.spaces"><id name="id">68943935</id>
</property>
<property name="type"><![CDATA[REMOVEPAGE]]></property>
<property name="group"/><property name="userName"><![CDATA[arunreddy.bits@gmail.com]]></property>
<property name="creatorName"><![CDATA[csh_admin]]></property>
<property name="creationDate">2009-07-10 00:02:59.016</property>
<property name="lastModifierName"><![CDATA[csh_admin]]></property>
<property name="lastModificationDate">2009-07-10 00:02:59.016</property>
</object>
<object class="SpacePermission" package="com.atlassian.confluence.security">
<id name="id">68978631</id>
<property name="space" class="Space" package="com.atlassian.confluence.spaces"><id name="id">68943935</id>
</property>
<property name="type"><![CDATA[EDITBLOG]]></property>
<property name="group"/><property name="userName"><![CDATA[arunreddy.bits@gmail.com]]></property>
<property name="creatorName"><![CDATA[csh_admin]]></property>
<property name="creationDate">2009-07-10 00:02:59.016</property>
<property name="lastModifierName"><![CDATA[csh_admin]]></property>
<property name="lastModificationDate">2009-07-10 00:02:59.016</property>
</object>
<object class="SpacePermission" package="com.atlassian.confluence.security">
<id name="id">68978632</id>
<property name="space" class="Space" package="com.atlassian.confluence.spaces"><id name="id">68943935</id>
</property>
<property name="type"><![CDATA[EXPORTPAGE]]></property>
<property name="group"/><property name="userName"><![CDATA[arunreddy.bits@gmail.com]]></property>
<property name="creatorName"><![CDATA[csh_admin]]></property>
<property name="creationDate">2009-07-10 00:02:59.016</property>
<property name="lastModifierName"><![CDATA[csh_admin]]></property>
<property name="lastModificationDate">2009-07-10 00:02:59.016</property>
</object>
<object class="Attachment" package="com.atlassian.confluence.pages">
<id name="id">68878729</id>
<property name="fileName"><![CDATA[XWiki_Confluence.png]]></property>
<property name="contentType"><![CDATA[image/png]]></property>
<property name="content" class="Page" package="com.atlassian.confluence.pages"><id name="id">68748474</id>
</property>
<property name="creatorName"><![CDATA[arunreddy.bits@gmail.com]]></property>
<property name="creationDate">2009-07-10 00:35:44.848</property>
<property name="lastModifierName"><![CDATA[arunreddy.bits@gmail.com]]></property>
<property name="lastModificationDate">2009-07-10 00:35:44.848</property>
<property name="fileSize">24098</property>
<property name="comment"><![CDATA[Conlfuence to XWiki]]></property>
<property name="attachmentVersion">1</property>
</object>
<object class="SpacePermission" package="com.atlassian.confluence.security">
<id name="id">68978629</id>
<property name="space" class="Space" package="com.atlassian.confluence.spaces"><id name="id">68943935</id>
</property>
<property name="type"><![CDATA[CREATEATTACHMENT]]></property>
<property name="group"/><property name="userName"><![CDATA[arunreddy.bits@gmail.com]]></property>
<property name="creatorName"><![CDATA[csh_admin]]></property>
<property name="creationDate">2009-07-10 00:02:59.016</property>
<property name="lastModifierName"><![CDATA[csh_admin]]></property>
<property name="lastModificationDate">2009-07-10 00:02:59.016</property>
</object>
<object class="SpacePermission" package="com.atlassian.confluence.security">
<id name="id">68978630</id>
<property name="space" class="Space" package="com.atlassian.confluence.spaces"><id name="id">68943935</id>
</property>
<property name="type"><![CDATA[REMOVEATTACHMENT]]></property>
<property name="group"/><property name="userName"><![CDATA[arunreddy.bits@gmail.com]]></property>
<property name="creatorName"><![CDATA[csh_admin]]></property>
<property name="creationDate">2009-07-10 00:02:59.016</property>
<property name="lastModifierName"><![CDATA[csh_admin]]></property>
<property name="lastModificationDate">2009-07-10 00:02:59.016</property>
</object>
<object class="SpacePermission" package="com.atlassian.confluence.security">
<id name="id">68978652</id>
<property name="space" class="Space" package="com.atlassian.confluence.spaces"><id name="id">68943935</id>
</property>
<property name="type"><![CDATA[COMMENT]]></property>
<property name="group"><![CDATA[XWiki-users]]></property>
<property name="userName"/><property name="creatorName"><![CDATA[csh_admin]]></property>
<property name="creationDate">2009-07-10 00:02:59.078</property>
<property name="lastModifierName"><![CDATA[csh_admin]]></property>
<property name="lastModificationDate">2009-07-10 00:02:59.078</property>
</object>
<object class="SpacePermission" package="com.atlassian.confluence.security">
<id name="id">68978651</id>
<property name="space" class="Space" package="com.atlassian.confluence.spaces"><id name="id">68943935</id>
</property>
<property name="type"><![CDATA[VIEWSPACE]]></property>
<property name="group"><![CDATA[XWiki-users]]></property>
<property name="userName"/><property name="creatorName"><![CDATA[csh_admin]]></property>
<property name="creationDate">2009-07-10 00:02:59.078</property>
<property name="lastModifierName"><![CDATA[csh_admin]]></property>
<property name="lastModificationDate">2009-07-10 00:02:59.078</property>
</object>
<object class="SpacePermission" package="com.atlassian.confluence.security">
<id name="id">68978649</id>
<property name="space" class="Space" package="com.atlassian.confluence.spaces"><id name="id">68943935</id>
</property>
<property name="type"><![CDATA[SETPAGEPERMISSIONS]]></property>
<property name="group"/><property name="userName"><![CDATA[arunreddy.bits@gmail.com]]></property>
<property name="creatorName"><![CDATA[csh_admin]]></property>
<property name="creationDate">2009-07-10 00:02:59.075</property>
<property name="lastModifierName"><![CDATA[csh_admin]]></property>
<property name="lastModificationDate">2009-07-10 00:02:59.075</property>
</object>
<object class="Page" package="com.atlassian.confluence.pages">
<id name="id">68748505</id>
<property name="position"/><property name="title"><![CDATA[Confluence Syntax]]></property>
<collection name="bodyContents"><element class="BodyContent" package="com.atlassian.confluence.core"><id name="id">68813828</id>
</element>
</collection>
<property name="version">1</property>
<property name="creatorName"><![CDATA[arunreddy.bits@gmail.com]]></property>
<property name="creationDate">2009-07-10 00:42:19.658</property>
<property name="lastModifierName"><![CDATA[arunreddy.bits@gmail.com]]></property>
<property name="lastModificationDate">2009-07-10 00:42:19.658</property>
<property name="versionComment"><![CDATA[]]></property>
<property name="originalVersion" class="Page" package="com.atlassian.confluence.pages"><id name="id">68748492</id>
</property>
<property name="contentStatus"><![CDATA[current]]></property>
</object>
<object class="SpacePermission" package="com.atlassian.confluence.security">
<id name="id">68978656</id>
<property name="space" class="Space" package="com.atlassian.confluence.spaces"><id name="id">68943935</id>
</property>
<property name="type"><![CDATA[EXPORTPAGE]]></property>
<property name="group"><![CDATA[XWiki-users]]></property>
<property name="userName"/><property name="creatorName"><![CDATA[csh_admin]]></property>
<property name="creationDate">2009-07-10 00:02:59.078</property>
<property name="lastModifierName"><![CDATA[csh_admin]]></property>
<property name="lastModificationDate">2009-07-10 00:02:59.078</property>
</object>
<object class="SpacePermission" package="com.atlassian.confluence.security">
<id name="id">68978655</id>
<property name="space" class="Space" package="com.atlassian.confluence.spaces"><id name="id">68943935</id>
</property>
<property name="type"><![CDATA[EDITBLOG]]></property>
<property name="group"><![CDATA[XWiki-users]]></property>
<property name="userName"/><property name="creatorName"><![CDATA[csh_admin]]></property>
<property name="creationDate">2009-07-10 00:02:59.078</property>
<property name="lastModifierName"><![CDATA[csh_admin]]></property>
<property name="lastModificationDate">2009-07-10 00:02:59.078</property>
</object>
<object class="SpacePermission" package="com.atlassian.confluence.security">
<id name="id">68978654</id>
<property name="space" class="Space" package="com.atlassian.confluence.spaces"><id name="id">68943935</id>
</property>
<property name="type"><![CDATA[CREATEATTACHMENT]]></property>
<property name="group"><![CDATA[XWiki-users]]></property>
<property name="userName"/><property name="creatorName"><![CDATA[csh_admin]]></property>
<property name="creationDate">2009-07-10 00:02:59.078</property>
<property name="lastModifierName"><![CDATA[csh_admin]]></property>
<property name="lastModificationDate">2009-07-10 00:02:59.078</property>
</object>
<object class="SpacePermission" package="com.atlassian.confluence.security">
<id name="id">68978653</id>
<property name="space" class="Space" package="com.atlassian.confluence.spaces"><id name="id">68943935</id>
</property>
<property name="type"><![CDATA[EDITSPACE]]></property>
<property name="group"><![CDATA[XWiki-users]]></property>
<property name="userName"/><property name="creatorName"><![CDATA[csh_admin]]></property>
<property name="creationDate">2009-07-10 00:02:59.078</property>
<property name="lastModifierName"><![CDATA[csh_admin]]></property>
<property name="lastModificationDate">2009-07-10 00:02:59.078</property>
</object>
<object class="SpacePermission" package="com.atlassian.confluence.security">
<id name="id">68978644</id>
<property name="space" class="Space" package="com.atlassian.confluence.spaces"><id name="id">68943935</id>
</property>
<property name="type"><![CDATA[REMOVEATTACHMENT]]></property>
<property name="group"/><property name="userName"><![CDATA[arunreddy.bits@gmail.com]]></property>
<property name="creatorName"><![CDATA[csh_admin]]></property>
<property name="creationDate">2009-07-10 00:02:59.075</property>
<property name="lastModifierName"><![CDATA[csh_admin]]></property>
<property name="lastModificationDate">2009-07-10 00:02:59.075</property>
</object>
<object class="SpacePermission" package="com.atlassian.confluence.security">
<id name="id">68978643</id>
<property name="space" class="Space" package="com.atlassian.confluence.spaces"><id name="id">68943935</id>
</property>
<property name="type"><![CDATA[CREATEATTACHMENT]]></property>
<property name="group"/><property name="userName"><![CDATA[arunreddy.bits@gmail.com]]></property>
<property name="creatorName"><![CDATA[csh_admin]]></property>
<property name="creationDate">2009-07-10 00:02:59.075</property>
<property name="lastModifierName"><![CDATA[csh_admin]]></property>
<property name="lastModificationDate">2009-07-10 00:02:59.075</property>
</object>
<object class="Page" package="com.atlassian.confluence.pages">
<id name="id">68748512</id>
<property name="position"/><property name="title"><![CDATA[Confluence Syntax]]></property>
<collection name="bodyContents"><element class="BodyContent" package="com.atlassian.confluence.core"><id name="id">68813834</id>
</element>
</collection>
<property name="version">2</property>
<property name="creatorName"><![CDATA[arunreddy.bits@gmail.com]]></property>
<property name="creationDate">2009-07-10 00:42:19.658</property>
<property name="lastModifierName"><![CDATA[arunreddy.bits@gmail.com]]></property>
<property name="lastModificationDate">2009-07-10 00:54:54.612</property>
<property name="versionComment"/><property name="originalVersion" class="Page" package="com.atlassian.confluence.pages"><id name="id">68748492</id>
</property>
<property name="contentStatus"><![CDATA[current]]></property>
</object>
<object class="SpacePermission" package="com.atlassian.confluence.security">
<id name="id">68978642</id>
<property name="space" class="Space" package="com.atlassian.confluence.spaces"><id name="id">68943935</id>
</property>
<property name="type"><![CDATA[REMOVEBLOG]]></property>
<property name="group"/><property name="userName"><![CDATA[arunreddy.bits@gmail.com]]></property>
<property name="creatorName"><![CDATA[csh_admin]]></property>
<property name="creationDate">2009-07-10 00:02:59.075</property>
<property name="lastModifierName"><![CDATA[csh_admin]]></property>
<property name="lastModificationDate">2009-07-10 00:02:59.075</property>
</object>
<object class="SpacePermission" package="com.atlassian.confluence.security">
<id name="id">68978641</id>
<property name="space" class="Space" package="com.atlassian.confluence.spaces"><id name="id">68943935</id>
</property>
<property name="type"><![CDATA[REMOVECOMMENT]]></property>
<property name="group"/><property name="userName"><![CDATA[arunreddy.bits@gmail.com]]></property>
<property name="creatorName"><![CDATA[csh_admin]]></property>
<property name="creationDate">2009-07-10 00:02:59.075</property>
<property name="lastModifierName"><![CDATA[csh_admin]]></property>
<property name="lastModificationDate">2009-07-10 00:02:59.075</property>
</object>
<object class="SpacePermission" package="com.atlassian.confluence.security">
<id name="id">68978648</id>
<property name="space" class="Space" package="com.atlassian.confluence.spaces"><id name="id">68943935</id>
</property>
<property name="type"><![CDATA[REMOVEMAIL]]></property>
<property name="group"/><property name="userName"><![CDATA[arunreddy.bits@gmail.com]]></property>
<property name="creatorName"><![CDATA[csh_admin]]></property>
<property name="creationDate">2009-07-10 00:02:59.075</property>
<property name="lastModifierName"><![CDATA[csh_admin]]></property>
<property name="lastModificationDate">2009-07-10 00:02:59.075</property>
</object>
<object class="SpacePermission" package="com.atlassian.confluence.security">
<id name="id">68978647</id>
<property name="space" class="Space" package="com.atlassian.confluence.spaces"><id name="id">68943935</id>
</property>
<property name="type"><![CDATA[EXPORTSPACE]]></property>
<property name="group"/><property name="userName"><![CDATA[arunreddy.bits@gmail.com]]></property>
<property name="creatorName"><![CDATA[csh_admin]]></property>
<property name="creationDate">2009-07-10 00:02:59.075</property>
<property name="lastModifierName"><![CDATA[csh_admin]]></property>
<property name="lastModificationDate">2009-07-10 00:02:59.075</property>
</object>
<object class="SpacePermission" package="com.atlassian.confluence.security">
<id name="id">68978646</id>
<property name="space" class="Space" package="com.atlassian.confluence.spaces"><id name="id">68943935</id>
</property>
<property name="type"><![CDATA[EXPORTPAGE]]></property>
<property name="group"/><property name="userName"><![CDATA[arunreddy.bits@gmail.com]]></property>
<property name="creatorName"><![CDATA[csh_admin]]></property>
<property name="creationDate">2009-07-10 00:02:59.075</property>
<property name="lastModifierName"><![CDATA[csh_admin]]></property>
<property name="lastModificationDate">2009-07-10 00:02:59.075</property>
</object>
<object class="SpacePermission" package="com.atlassian.confluence.security">
<id name="id">68978645</id>
<property name="space" class="Space" package="com.atlassian.confluence.spaces"><id name="id">68943935</id>
</property>
<property name="type"><![CDATA[EDITBLOG]]></property>
<property name="group"/><property name="userName"><![CDATA[arunreddy.bits@gmail.com]]></property>
<property name="creatorName"><![CDATA[csh_admin]]></property>
<property name="creationDate">2009-07-10 00:02:59.075</property>
<property name="lastModifierName"><![CDATA[csh_admin]]></property>
<property name="lastModificationDate">2009-07-10 00:02:59.075</property>
</object>
<object class="Page" package="com.atlassian.confluence.pages">
<id name="id">68748484</id>
<property name="position"/><property name="title"><![CDATA[Home]]></property>
<collection name="bodyContents"><element class="BodyContent" package="com.atlassian.confluence.core"><id name="id">68813811</id>
</element>
</collection>
<property name="version">2</property>
<property name="creatorName"><![CDATA[csh_admin]]></property>
<property name="creationDate">2009-07-10 00:02:59.048</property>
<property name="lastModifierName"><![CDATA[arunreddy.bits@gmail.com]]></property>
<property name="lastModificationDate">2009-07-10 00:34:47.423</property>
<property name="versionComment"/><property name="originalVersion" class="Page" package="com.atlassian.confluence.pages"><id name="id">68748474</id>
</property>
<property name="contentStatus"><![CDATA[current]]></property>
</object>
<object class="SpaceDescription" package="com.atlassian.confluence.spaces">
<id name="id">68748473</id>
<property name="space" class="Space" package="com.atlassian.confluence.spaces"><id name="id">68943935</id>
</property>
<property name="title"/><collection name="bodyContents"><element class="BodyContent" package="com.atlassian.confluence.core"><id name="id">68813803</id>
</element>
</collection>
<property name="version">2</property>
<property name="creatorName"><![CDATA[csh_admin]]></property>
<property name="creationDate">2009-07-10 00:02:59.014</property>
<property name="lastModifierName"><![CDATA[arunreddy.bits@gmail.com]]></property>
<property name="lastModificationDate">2009-07-10 09:05:33.730</property>
<property name="versionComment"><![CDATA[]]></property>
<collection name="historicalVersions"><element class="SpaceDescription" package="com.atlassian.confluence.spaces"><id name="id">68749138</id>
</element>
</collection>
<property name="contentStatus"><![CDATA[current]]></property>
</object>
<object class="SpacePermission" package="com.atlassian.confluence.security">
<id name="id">68978622</id>
<property name="space" class="Space" package="com.atlassian.confluence.spaces"><id name="id">68943935</id>
</property>
<property name="type"><![CDATA[VIEWSPACE]]></property>
<property name="group"/><property name="userName"><![CDATA[arunreddy.bits@gmail.com]]></property>
<property name="creatorName"><![CDATA[csh_admin]]></property>
<property name="creationDate">2009-07-10 00:02:59.016</property>
<property name="lastModifierName"><![CDATA[csh_admin]]></property>
<property name="lastModificationDate">2009-07-10 00:02:59.016</property>
</object>
<object class="SpacePermission" package="com.atlassian.confluence.security">
<id name="id">68978624</id>
<property name="space" class="Space" package="com.atlassian.confluence.spaces"><id name="id">68943935</id>
</property>
<property name="type"><![CDATA[EDITSPACE]]></property>
<property name="group"/><property name="userName"><![CDATA[arunreddy.bits@gmail.com]]></property>
<property name="creatorName"><![CDATA[csh_admin]]></property>
<property name="creationDate">2009-07-10 00:02:59.016</property>
<property name="lastModifierName"><![CDATA[csh_admin]]></property>
<property name="lastModificationDate">2009-07-10 00:02:59.016</property>
</object>
<object class="SpacePermission" package="com.atlassian.confluence.security">
<id name="id">68978623</id>
<property name="space" class="Space" package="com.atlassian.confluence.spaces"><id name="id">68943935</id>
</property>
<property name="type"><![CDATA[COMMENT]]></property>
<property name="group"/><property name="userName"><![CDATA[arunreddy.bits@gmail.com]]></property>
<property name="creatorName"><![CDATA[csh_admin]]></property>
<property name="creationDate">2009-07-10 00:02:59.016</property>
<property name="lastModifierName"><![CDATA[csh_admin]]></property>
<property name="lastModificationDate">2009-07-10 00:02:59.016</property>
</object>
<object class="Page" package="com.atlassian.confluence.pages">
<id name="id">68748478</id>
<property name="position"/><property name="title"><![CDATA[Home]]></property>
<collection name="bodyContents"><element class="BodyContent" package="com.atlassian.confluence.core"><id name="id">68813806</id>
</element>
</collection>
<property name="version">1</property>
<property name="creatorName"><![CDATA[csh_admin]]></property>
<property name="creationDate">2009-07-10 00:02:59.048</property>
<property name="lastModifierName"><![CDATA[csh_admin]]></property>
<property name="lastModificationDate">2009-07-10 00:02:59.048</property>
<property name="versionComment"><![CDATA[]]></property>
<property name="originalVersion" class="Page" package="com.atlassian.confluence.pages"><id name="id">68748474</id>
</property>
<property name="contentStatus"><![CDATA[current]]></property>
</object>
<object class="Page" package="com.atlassian.confluence.pages">
<id name="id">68749122</id>
<property name="position"/><property name="title"><![CDATA[Google Summer of Code™ 2009]]></property>
<collection name="bodyContents"><element class="BodyContent" package="com.atlassian.confluence.core"><id name="id">68814194</id>
</element>
</collection>
<property name="version">2</property>
<property name="creatorName"><![CDATA[arunreddy.bits@gmail.com]]></property>
<property name="creationDate">2009-07-10 07:49:59.119</property>
<property name="lastModifierName"><![CDATA[arunreddy.bits@gmail.com]]></property>
<property name="lastModificationDate">2009-07-10 07:53:30.050</property>
<property name="versionComment"/><property name="originalVersion" class="Page" package="com.atlassian.confluence.pages"><id name="id">68749117</id>
</property>
<property name="contentStatus"><![CDATA[current]]></property>
</object>
<object class="OutgoingLink" package="com.atlassian.confluence.links">
<id name="id">68847052</id>
<property name="destinationPageTitle"><![CDATA[//socghop.appspot.com/]]></property>
<property name="destinationSpaceKey"><![CDATA[http]]></property>
<property name="sourceContent" class="Page" package="com.atlassian.confluence.pages"><id name="id">68749117</id>
</property>
<property name="creatorName"><![CDATA[arunreddy.bits@gmail.com]]></property>
<property name="creationDate">2009-07-10 07:55:48.568</property>
<property name="lastModifierName"><![CDATA[arunreddy.bits@gmail.com]]></property>
<property name="lastModificationDate">2009-07-10 07:55:48.568</property>
</object>
<object class="BodyContent" package="com.atlassian.confluence.core">
<id name="id">68814189</id>
<property name="body"><![CDATA[h1. Google Summer of Code™ 2009 !2009socwithlogo.gif!

Visit the [Google Summer of Code2009 site|http://socghop.appspot.com/] for more details about the program this year.

For a detailed timeline and further information about the program, review our [Frequently Asked Questions|http://socghop.appspot.com/document/show/program/google/gsoc2009/faqs].

h2. About _Google Summer of Code_

_Google Summer of Code_ is a global program that offers student developers stipends to write code for various open source software projects. We have worked with several open source, free software, and technology-related groups to identify and fund several projects over a three month period.  Since its inception in 2005, the program has brought together nearly 2500 successful student participants and 2500 mentors from 98 countries worldwide, all for the love of code. Through _Google Summer of Code_, accepted student applicants are paired with a mentor or mentors from the participating projects, thus gaining exposure to real-world software development scenarios and the opportunity for employment in areas related to their academic pursuits. In turn, the participating projects are able to more easily identify and bring in new developers. Best of all, more source code is created and released for the use and benefit of all.

To learn more about the program, peruse our 2009[Frequently Asked Questions|http://socghop.appspot.com/document/show/program/google/gsoc2009/faqs]page. You can also subscribe to the[Google Open Source Blog|http://google-opensource.blogspot.com/]or the[Google Summer of Code Discussion Group|http://groups.google.com/group/google-summer-of-code-discuss] to keep abreast of the latest announcements.

h2. Participating in _Google Summer of Code_

For those of you who would like to participate in the program, there are many resources available for you to learn more. Check out the information pages from the [2005|http://code.google.com/soc/2005/], [2006|http://code.google.com/soc/2006/], [2007|http://code.google.com/soc/2007/] and [2008|http://code.google.com/soc/2008/] instances of the program to get a better sense of which projects have participated as mentoring organizations in _Google Summer of Code{_}each year. If you are interested in a particular mentoring organization, just click on its name and you'll find more information about the project, a summary of their students' work and actual source code produced by student participants. You may also find the program Frequently Asked Questions (FAQs) pages for each year to be useful. Finally, check out all the great content and advice on participation produced by the community, for the community, on our [program wiki|http://code.google.com/p/google-summer-of-code/wiki/WikiStart].

If you don't find what you need in the documentation, you can always ask questions on our [program discussion list|http://groups.google.com/group/google-summer-of-code-discuss] or the program IRC channel, #gsoc on [Freenode|http://freenode.net/].

\[_Source_ : [GSoC|http://code.google.com/soc/|GSoC page on Google Code site.]\]]]></property>
<property name="content" class="Page" package="com.atlassian.confluence.pages"><id name="id">68749117</id>
</property>
</object>
<object class="OutgoingLink" package="com.atlassian.confluence.links">
<id name="id">68847064</id>
<property name="destinationPageTitle"><![CDATA[GSoC page on Google Code site.]]></property>
<property name="destinationSpaceKey"><![CDATA[http]]></property>
<property name="sourceContent" class="Page" package="com.atlassian.confluence.pages"><id name="id">68749117</id>
</property>
<property name="creatorName"><![CDATA[arunreddy.bits@gmail.com]]></property>
<property name="creationDate">2009-07-10 07:55:48.569</property>
<property name="lastModifierName"><![CDATA[arunreddy.bits@gmail.com]]></property>
<property name="lastModificationDate">2009-07-10 07:55:48.569</property>
</object>
<object class="BodyContent" package="com.atlassian.confluence.core">
<id name="id">68813818</id>
<property name="body"><![CDATA[h1. Headings
----
h1. Biggest heading

h2. Bigger heading

h3. Big Heading

h4. Normal Heading

h5. Small Heading

h6. Smallest Heading


h1. Text Effects
----
|| || ||
| *strong* | Makes text strong. |
| _emphasis_ | Makes text emphasis. |
| ??citation?? | Makes text in citation. |
| strikethrough | Makes text as strikethrough. |
| +underlined+ | Makes text as underlined. |
| superscript | Makes text in superscript. |
| ~subscript~ | Makes text in subscript. |
| {{text will}} | {{be monospaced}} Makes text as code text |
| bq. Some block quoted text | Some block quoted text |
| {quote} here is quoteable \\
content to be quoted
{quote} | Quote a block of text that's longer than one paragraph. |
| {color:red}look ma, red text\!{color} | Changes the color of a block of text. |


h1. Lists
----
* some
* bullet
** indented
** bullets
* points

- different
- bullet
- types

# a
# numbered
# list

# a
# numbered
#* with
#* nested
#* bullet
# list

* a
* bulletted
*# with
*# nested
*# numbered
* list

{dynamictasklist:thingsToDo}]]></property>
<property name="content" class="Page" package="com.atlassian.confluence.pages"><id name="id">68748492</id>
</property>
</object>
<object class="Comment" package="com.atlassian.confluence.pages">
<id name="id">68749114</id>
<property name="page" class="Page" package="com.atlassian.confluence.pages"><id name="id">68748492</id>
</property>
<property name="title"/><collection name="bodyContents"><element class="BodyContent" package="com.atlassian.confluence.core"><id name="id">68814186</id>
</element>
</collection>
<property name="version">1</property>
<property name="creatorName"><![CDATA[arunreddy.bits@gmail.com]]></property>
<property name="creationDate">2009-07-10 07:40:40.460</property>
<property name="lastModifierName"><![CDATA[arunreddy.bits@gmail.com]]></property>
<property name="lastModificationDate">2009-07-10 07:40:40.460</property>
<property name="versionComment"><![CDATA[]]></property>
<property name="contentStatus"><![CDATA[current]]></property>
</object>
<object class="OutgoingLink" package="com.atlassian.confluence.links">
<id name="id">68847063</id>
<property name="destinationPageTitle"><![CDATA[//freenode.net/]]></property>
<property name="destinationSpaceKey"><![CDATA[http]]></property>
<property name="sourceContent" class="Page" package="com.atlassian.confluence.pages"><id name="id">68749117</id>
</property>
<property name="creatorName"><![CDATA[arunreddy.bits@gmail.com]]></property>
<property name="creationDate">2009-07-10 07:55:48.569</property>
<property name="lastModifierName"><![CDATA[arunreddy.bits@gmail.com]]></property>
<property name="lastModificationDate">2009-07-10 07:55:48.569</property>
</object>
<object class="Comment" package="com.atlassian.confluence.pages">
<id name="id">68749112</id>
<property name="page" class="Page" package="com.atlassian.confluence.pages"><id name="id">68749110</id>
</property>
<property name="title"/><collection name="bodyContents"><element class="BodyContent" package="com.atlassian.confluence.core"><id name="id">68814184</id>
</element>
</collection>
<property name="version">1</property>
<property name="creatorName"><![CDATA[arunreddy.bits@gmail.com]]></property>
<property name="creationDate">2009-07-10 07:37:31.800</property>
<property name="lastModifierName"><![CDATA[arunreddy.bits@gmail.com]]></property>
<property name="lastModificationDate">2009-07-10 07:37:31.800</property>
<property name="versionComment"><![CDATA[]]></property>
<property name="contentStatus"><![CDATA[current]]></property>
</object>
<object class="OutgoingLink" package="com.atlassian.confluence.links">
<id name="id">68847062</id>
<property name="destinationPageTitle"><![CDATA[//groups.google.com/group/google-summer-of-code-discuss]]></property>
<property name="destinationSpaceKey"><![CDATA[http]]></property>
<property name="sourceContent" class="Page" package="com.atlassian.confluence.pages"><id name="id">68749117</id>
</property>
<property name="creatorName"><![CDATA[arunreddy.bits@gmail.com]]></property>
<property name="creationDate">2009-07-10 07:55:48.569</property>
<property name="lastModifierName"><![CDATA[arunreddy.bits@gmail.com]]></property>
<property name="lastModificationDate">2009-07-10 07:55:48.569</property>
</object>
<object class="BodyContent" package="com.atlassian.confluence.core">
<id name="id">68814182</id>
<property name="body"><![CDATA[h1. Confluence Wiki


h3. Structure of Wiki

* Wiki is divided into pages.
* Spaces have pages.
* Parent - Child is present
* Every Page has its own attachments.
* Pages can be tagged.

More on how Confluence is organised : [Wiki&nbsp;|https://www.adaptavist.com/display/AtlassianConfluence/Content+Organisation], [Page/Content&nbsp;|http://www.atlassian.com/software/confluence/features/organise.jsp]]]></property>
<property name="content" class="Page" package="com.atlassian.confluence.pages"><id name="id">68749110</id>
</property>
</object>
<object class="OutgoingLink" package="com.atlassian.confluence.links">
<id name="id">68847061</id>
<property name="destinationPageTitle"><![CDATA[//code.google.com/p/google-summer-of-code/wiki/WikiStart]]></property>
<property name="destinationSpaceKey"><![CDATA[http]]></property>
<property name="sourceContent" class="Page" package="com.atlassian.confluence.pages"><id name="id">68749117</id>
</property>
<property name="creatorName"><![CDATA[arunreddy.bits@gmail.com]]></property>
<property name="creationDate">2009-07-10 07:55:48.569</property>
<property name="lastModifierName"><![CDATA[arunreddy.bits@gmail.com]]></property>
<property name="lastModificationDate">2009-07-10 07:55:48.569</property>
</object>
<object class="Comment" package="com.atlassian.confluence.pages">
<id name="id">68749113</id>
<property name="page" class="Page" package="com.atlassian.confluence.pages"><id name="id">68748492</id>
</property>
<property name="title"/><collection name="bodyContents"><element class="BodyContent" package="com.atlassian.confluence.core"><id name="id">68814185</id>
</element>
</collection>
<property name="version">1</property>
<property name="creatorName"><![CDATA[arunreddy.bits@gmail.com]]></property>
<property name="creationDate">2009-07-10 07:39:36.282</property>
<property name="lastModifierName"><![CDATA[arunreddy.bits@gmail.com]]></property>
<property name="lastModificationDate">2009-07-10 07:39:36.282</property>
<property name="versionComment"><![CDATA[]]></property>
<property name="contentStatus"><![CDATA[current]]></property>
</object>
<object class="OutgoingLink" package="com.atlassian.confluence.links">
<id name="id">68847060</id>
<property name="destinationPageTitle"><![CDATA[//code.google.com/soc/2008/]]></property>
<property name="destinationSpaceKey"><![CDATA[http]]></property>
<property name="sourceContent" class="Page" package="com.atlassian.confluence.pages"><id name="id">68749117</id>
</property>
<property name="creatorName"><![CDATA[arunreddy.bits@gmail.com]]></property>
<property name="creationDate">2009-07-10 07:55:48.569</property>
<property name="lastModifierName"><![CDATA[arunreddy.bits@gmail.com]]></property>
<property name="lastModificationDate">2009-07-10 07:55:48.569</property>
</object>
<object class="Page" package="com.atlassian.confluence.pages">
<id name="id">68749115</id>
<property name="position"/><property name="title"><![CDATA[Confluence Syntax]]></property>
<collection name="bodyContents"><element class="BodyContent" package="com.atlassian.confluence.core"><id name="id">68814187</id>
</element>
</collection>
<property name="version">3</property>
<property name="creatorName"><![CDATA[arunreddy.bits@gmail.com]]></property>
<property name="creationDate">2009-07-10 00:42:19.658</property>
<property name="lastModifierName"><![CDATA[arunreddy.bits@gmail.com]]></property>
<property name="lastModificationDate">2009-07-10 00:56:49.467</property>
<property name="versionComment"/><property name="originalVersion" class="Page" package="com.atlassian.confluence.pages"><id name="id">68748492</id>
</property>
<property name="contentStatus"><![CDATA[current]]></property>
</object>
<object class="Comment" package="com.atlassian.confluence.pages">
<id name="id">68749111</id>
<property name="page" class="Page" package="com.atlassian.confluence.pages"><id name="id">68749110</id>
</property>
<property name="title"/><collection name="bodyContents"><element class="BodyContent" package="com.atlassian.confluence.core"><id name="id">68814183</id>
</element>
</collection>
<property name="version">1</property>
<property name="creatorName"><![CDATA[arunreddy.bits@gmail.com]]></property>
<property name="creationDate">2009-07-10 07:36:58.739</property>
<property name="lastModifierName"><![CDATA[arunreddy.bits@gmail.com]]></property>
<property name="lastModificationDate">2009-07-10 07:36:58.739</property>
<property name="versionComment"><![CDATA[]]></property>
<property name="contentStatus"><![CDATA[current]]></property>
</object>
<object class="OutgoingLink" package="com.atlassian.confluence.links">
<id name="id">68847059</id>
<property name="destinationPageTitle"><![CDATA[//code.google.com/soc/2007/]]></property>
<property name="destinationSpaceKey"><![CDATA[http]]></property>
<property name="sourceContent" class="Page" package="com.atlassian.confluence.pages"><id name="id">68749117</id>
</property>
<property name="creatorName"><![CDATA[arunreddy.bits@gmail.com]]></property>
<property name="creationDate">2009-07-10 07:55:48.569</property>
<property name="lastModifierName"><![CDATA[arunreddy.bits@gmail.com]]></property>
<property name="lastModificationDate">2009-07-10 07:55:48.569</property>
</object>
<object class="OutgoingLink" package="com.atlassian.confluence.links">
<id name="id">68847058</id>
<property name="destinationPageTitle"><![CDATA[//code.google.com/soc/2006/]]></property>
<property name="destinationSpaceKey"><![CDATA[http]]></property>
<property name="sourceContent" class="Page" package="com.atlassian.confluence.pages"><id name="id">68749117</id>
</property>
<property name="creatorName"><![CDATA[arunreddy.bits@gmail.com]]></property>
<property name="creationDate">2009-07-10 07:55:48.569</property>
<property name="lastModifierName"><![CDATA[arunreddy.bits@gmail.com]]></property>
<property name="lastModificationDate">2009-07-10 07:55:48.569</property>
</object>
<object class="OutgoingLink" package="com.atlassian.confluence.links">
<id name="id">68847057</id>
<property name="destinationPageTitle"><![CDATA[//code.google.com/soc/2005/]]></property>
<property name="destinationSpaceKey"><![CDATA[http]]></property>
<property name="sourceContent" class="Page" package="com.atlassian.confluence.pages"><id name="id">68749117</id>
</property>
<property name="creatorName"><![CDATA[arunreddy.bits@gmail.com]]></property>
<property name="creationDate">2009-07-10 07:55:48.569</property>
<property name="lastModifierName"><![CDATA[arunreddy.bits@gmail.com]]></property>
<property name="lastModificationDate">2009-07-10 07:55:48.569</property>
</object>
<object class="OutgoingLink" package="com.atlassian.confluence.links">
<id name="id">68847056</id>
<property name="destinationPageTitle"><![CDATA[//groups.google.com/group/google-summer-of-code-discuss]]></property>
<property name="destinationSpaceKey"><![CDATA[http]]></property>
<property name="sourceContent" class="Page" package="com.atlassian.confluence.pages"><id name="id">68749117</id>
</property>
<property name="creatorName"><![CDATA[arunreddy.bits@gmail.com]]></property>
<property name="creationDate">2009-07-10 07:55:48.568</property>
<property name="lastModifierName"><![CDATA[arunreddy.bits@gmail.com]]></property>
<property name="lastModificationDate">2009-07-10 07:55:48.568</property>
</object>
<object class="OutgoingLink" package="com.atlassian.confluence.links">
<id name="id">68847055</id>
<property name="destinationPageTitle"><![CDATA[//google-opensource.blogspot.com/]]></property>
<property name="destinationSpaceKey"><![CDATA[http]]></property>
<property name="sourceContent" class="Page" package="com.atlassian.confluence.pages"><id name="id">68749117</id>
</property>
<property name="creatorName"><![CDATA[arunreddy.bits@gmail.com]]></property>
<property name="creationDate">2009-07-10 07:55:48.568</property>
<property name="lastModifierName"><![CDATA[arunreddy.bits@gmail.com]]></property>
<property name="lastModificationDate">2009-07-10 07:55:48.568</property>
</object>
<object class="Comment" package="com.atlassian.confluence.pages">
<id name="id">68749107</id>
<property name="page" class="Page" package="com.atlassian.confluence.pages"><id name="id">68748474</id>
</property>
<property name="title"/><collection name="bodyContents"><element class="BodyContent" package="com.atlassian.confluence.core"><id name="id">68814179</id>
</element>
</collection>
<property name="version">1</property>
<property name="creatorName"><![CDATA[arunreddy.bits@gmail.com]]></property>
<property name="creationDate">2009-07-10 07:20:49.060</property>
<property name="lastModifierName"><![CDATA[arunreddy.bits@gmail.com]]></property>
<property name="lastModificationDate">2009-07-10 07:20:49.060</property>
<property name="versionComment"><![CDATA[]]></property>
<property name="contentStatus"><![CDATA[current]]></property>
</object>
<object class="OutgoingLink" package="com.atlassian.confluence.links">
<id name="id">68847054</id>
<property name="destinationPageTitle"><![CDATA[//socghop.appspot.com/document/show/program/google/gsoc2009/faqs]]></property>
<property name="destinationSpaceKey"><![CDATA[http]]></property>
<property name="sourceContent" class="Page" package="com.atlassian.confluence.pages"><id name="id">68749117</id>
</property>
<property name="creatorName"><![CDATA[arunreddy.bits@gmail.com]]></property>
<property name="creationDate">2009-07-10 07:55:48.568</property>
<property name="lastModifierName"><![CDATA[arunreddy.bits@gmail.com]]></property>
<property name="lastModificationDate">2009-07-10 07:55:48.568</property>
</object>
<object class="Page" package="com.atlassian.confluence.pages">
<id name="id">68749121</id>
<property name="position"/><property name="title"><![CDATA[Google Summer of Code™ 2009]]></property>
<collection name="bodyContents"><element class="BodyContent" package="com.atlassian.confluence.core"><id name="id">68814193</id>
</element>
</collection>
<property name="version">1</property>
<property name="creatorName"><![CDATA[arunreddy.bits@gmail.com]]></property>
<property name="creationDate">2009-07-10 07:49:59.119</property>
<property name="lastModifierName"><![CDATA[arunreddy.bits@gmail.com]]></property>
<property name="lastModificationDate">2009-07-10 07:49:59.119</property>
<property name="versionComment"><![CDATA[]]></property>
<property name="originalVersion" class="Page" package="com.atlassian.confluence.pages"><id name="id">68749117</id>
</property>
<property name="contentStatus"><![CDATA[current]]></property>
</object>
<object class="OutgoingLink" package="com.atlassian.confluence.links">
<id name="id">68847053</id>
<property name="destinationPageTitle"><![CDATA[//socghop.appspot.com/document/show/program/google/gsoc2009/faqs]]></property>
<property name="destinationSpaceKey"><![CDATA[http]]></property>
<property name="sourceContent" class="Page" package="com.atlassian.confluence.pages"><id name="id">68749117</id>
</property>
<property name="creatorName"><![CDATA[arunreddy.bits@gmail.com]]></property>
<property name="creationDate">2009-07-10 07:55:48.568</property>
<property name="lastModifierName"><![CDATA[arunreddy.bits@gmail.com]]></property>
<property name="lastModificationDate">2009-07-10 07:55:48.568</property>
</object>
<object class="BodyContent" package="com.atlassian.confluence.core">
<id name="id">68813804</id>
<property name="body"><![CDATA[*Welcome to XWiki Importer.*

Confluence to XWiki.

h1. Import Export from any other Wiki

The objective of this is to create an extensible framework to import export data between wikis from a rich UI. It includes converting and importing the data into Xwiki from various supported export formats of other wikis. Mostly it will be a batch import along with text, metadata, links, attachments etc. The export feature involves exporting the Xwiki data into syntax free formats like XML(XDOM).

This feature will be of &nbsp;great help to Xwiki users who want to migrate their site from other wikis like Confluence, MediaWiki, JspWiki, Twiki ... to Xwiki with ease.&nbsp;

h2. Features

# A Rich User Interface ( Wizard Approach)
# Supports Multiple Syntaxes. Confluence, Mediawiki, Twiki, Jspwiki, Creole etc..
# Customizable import. Preserve metadata, links to other pages, attachements and spaces.&nbsp;
# Content Specific warnings in case of &nbsp;issues with conversion of scripts or macros from one wiki to another.
# A complete step by step documentation for users on how to export the acceptable formats from other wikis and import the same into XWiki.

h2. !XWiki_Confluence.png!]]></property>
<property name="content" class="Page" package="com.atlassian.confluence.pages"><id name="id">68748474</id>
</property>
</object>
<object class="Attachment" package="com.atlassian.confluence.pages">
<id name="id">68878802</id>
<property name="fileName"><![CDATA[2009socwithlogo.gif]]></property>
<property name="contentType"><![CDATA[image/gif]]></property>
<property name="content" class="Page" package="com.atlassian.confluence.pages"><id name="id">68749117</id>
</property>
<property name="creatorName"><![CDATA[arunreddy.bits@gmail.com]]></property>
<property name="creationDate">2009-07-10 07:50:43.419</property>
<property name="lastModifierName"><![CDATA[arunreddy.bits@gmail.com]]></property>
<property name="lastModificationDate">2009-07-10 07:50:43.419</property>
<property name="fileSize">21772</property>
<property name="comment"><![CDATA[GSoC 2009 Logo]]></property>
<property name="attachmentVersion">1</property>
</object>
<object class="OutgoingLink" package="com.atlassian.confluence.links">
<id name="id">68847009</id>
<property name="destinationPageTitle"><![CDATA[//www.adaptavist.com/display/AtlassianConfluence/Content+Organisation]]></property>
<property name="destinationSpaceKey"><![CDATA[https]]></property>
<property name="sourceContent" class="Page" package="com.atlassian.confluence.pages"><id name="id">68749110</id>
</property>
<property name="creatorName"><![CDATA[arunreddy.bits@gmail.com]]></property>
<property name="creationDate">2009-07-10 07:36:25.119</property>
<property name="lastModifierName"><![CDATA[arunreddy.bits@gmail.com]]></property>
<property name="lastModificationDate">2009-07-10 07:36:25.119</property>
</object>
<object class="BodyContent" package="com.atlassian.confluence.core">
<id name="id">68813817</id>
<property name="body"><![CDATA[h1. MediaWiki Features

This article explains various features of MediaWiki which have to be taken care of during its import into XWiki.&nbsp;

h3. Structure of MediaWiki


h4. Pages

* Wiki Pages &nbsp;&nbsp;&nbsp;&nbsp;&nbsp;: All the Important Wiki Pages are in Main NameSpace.&nbsp;

* Wiki Talk Pages : And the respective Talk Pages as sub pages or as comments of the respective pages.
&nbsp;&nbsp;( Discussion pages)

h4. Files or Attachements

The files like images, pdfs and other formats are saved locally in a folder. The main resources folder further has three sub-folders archive, temp, thumb.
* Main Folder : Place for latest versions of the files. ( eg : Boston_City_Flow.jpg)

h4. Permissions

* Users: Normal Users can create, edit, create new revisions of existing ones or revert to older versions.
* SysOps(System Operators) : Protecting Pages ( cant be edited by User), deleting, blocking users and patrolled edits.
* Bureaucrats : Has right to promote users to be sysops (and demote sysops to normal users).]]></property>
<property name="content" class="Page" package="com.atlassian.confluence.pages"><id name="id">68748490</id>
</property>
</object>
<object class="OutgoingLink" package="com.atlassian.confluence.links">
<id name="id">68847010</id>
<property name="destinationPageTitle"><![CDATA[//www.atlassian.com/software/confluence/features/organise.jsp]]></property>
<property name="destinationSpaceKey"><![CDATA[http]]></property>
<property name="sourceContent" class="Page" package="com.atlassian.confluence.pages"><id name="id">68749110</id>
</property>
<property name="creatorName"><![CDATA[arunreddy.bits@gmail.com]]></property>
<property name="creationDate">2009-07-10 07:36:25.119</property>
<property name="lastModifierName"><![CDATA[arunreddy.bits@gmail.com]]></property>
<property name="lastModificationDate">2009-07-10 07:36:25.119</property>
</object>
<object class="Labelling" package="com.atlassian.confluence.labels">
<id name="id">69075030</id>
<property name="label" class="Label" package="com.atlassian.confluence.labels"><id name="id">69042224</id>
</property>
<property name="content" class="Page" package="com.atlassian.confluence.pages"><id name="id">68748492</id>
</property>
<property name="user"><![CDATA[arunreddy.bits@gmail.com]]></property>
<property name="creationDate">2009-07-10 07:40:04.510</property>
<property name="lastModificationDate">2009-07-10 07:40:04.510</property>
</object>
<object class="Labelling" package="com.atlassian.confluence.labels">
<id name="id">69075029</id>
<property name="label" class="Label" package="com.atlassian.confluence.labels"><id name="id">69042223</id>
</property>
<property name="content" class="Page" package="com.atlassian.confluence.pages"><id name="id">68748492</id>
</property>
<property name="user"><![CDATA[arunreddy.bits@gmail.com]]></property>
<property name="creationDate">2009-07-10 07:40:04.482</property>
<property name="lastModificationDate">2009-07-10 07:40:04.482</property>
</object>
<object class="Labelling" package="com.atlassian.confluence.labels">
<id name="id">69075028</id>
<property name="label" class="Label" package="com.atlassian.confluence.labels"><id name="id">29360186</id>
</property>
<property name="content" class="Page" package="com.atlassian.confluence.pages"><id name="id">68748492</id>
</property>
<property name="user"><![CDATA[arunreddy.bits@gmail.com]]></property>
<property name="creationDate">2009-07-10 07:40:04.458</property>
<property name="lastModificationDate">2009-07-10 07:40:04.458</property>
</object>
<object class="SpacePermission" package="com.atlassian.confluence.security">
<id name="id">68978657</id>
<property name="space" class="Space" package="com.atlassian.confluence.spaces"><id name="id">68943935</id>
</property>
<property name="type"><![CDATA[EXPORTSPACE]]></property>
<property name="group"><![CDATA[XWiki-users]]></property>
<property name="userName"/><property name="creatorName"><![CDATA[csh_admin]]></property>
<property name="creationDate">2009-07-10 00:02:59.078</property>
<property name="lastModifierName"><![CDATA[csh_admin]]></property>
<property name="lastModificationDate">2009-07-10 00:02:59.078</property>
</object>
<object class="Labelling" package="com.atlassian.confluence.labels">
<id name="id">69075027</id>
<property name="label" class="Label" package="com.atlassian.confluence.labels"><id name="id">69042222</id>
</property>
<property name="content" class="Page" package="com.atlassian.confluence.pages"><id name="id">68748492</id>
</property>
<property name="user"><![CDATA[arunreddy.bits@gmail.com]]></property>
<property name="creationDate">2009-07-10 07:40:04.407</property>
<property name="lastModificationDate">2009-07-10 07:40:04.407</property>
</object>
<object class="Labelling" package="com.atlassian.confluence.labels">
<id name="id">69075026</id>
<property name="label" class="Label" package="com.atlassian.confluence.labels"><id name="id">69042222</id>
</property>
<property name="content" class="Page" package="com.atlassian.confluence.pages"><id name="id">68749110</id>
</property>
<property name="user"><![CDATA[arunreddy.bits@gmail.com]]></property>
<property name="creationDate">2009-07-10 07:36:25.728</property>
<property name="lastModificationDate">2009-07-10 07:36:25.728</property>
</object>
<object class="SpacePermission" package="com.atlassian.confluence.security">
<id name="id">68978658</id>
<property name="space" class="Space" package="com.atlassian.confluence.spaces"><id name="id">68943935</id>
</property>
<property name="type"><![CDATA[SETPAGEPERMISSIONS]]></property>
<property name="group"><![CDATA[XWiki-users]]></property>
<property name="userName"/><property name="creatorName"><![CDATA[csh_admin]]></property>
<property name="creationDate">2009-07-10 00:02:59.078</property>
<property name="lastModifierName"><![CDATA[csh_admin]]></property>
<property name="lastModificationDate">2009-07-10 00:02:59.078</property>
</object>
<object class="Labelling" package="com.atlassian.confluence.labels">
<id name="id">69075025</id>
<property name="label" class="Label" package="com.atlassian.confluence.labels"><id name="id">69042221</id>
</property>
<property name="content" class="Page" package="com.atlassian.confluence.pages"><id name="id">68749110</id>
</property>
<property name="user"><![CDATA[arunreddy.bits@gmail.com]]></property>
<property name="creationDate">2009-07-10 07:36:25.723</property>
<property name="lastModificationDate">2009-07-10 07:36:25.723</property>
</object>
<object class="Labelling" package="com.atlassian.confluence.labels">
<id name="id">69075024</id>
<property name="label" class="Label" package="com.atlassian.confluence.labels"><id name="id">29360186</id>
</property>
<property name="content" class="Page" package="com.atlassian.confluence.pages"><id name="id">68749110</id>
</property>
<property name="user"><![CDATA[arunreddy.bits@gmail.com]]></property>
<property name="creationDate">2009-07-10 07:36:25.589</property>
<property name="lastModificationDate">2009-07-10 07:36:25.590</property>
</object>
<object class="Label" package="com.atlassian.confluence.labels">
<id name="id">29360186</id>
<property name="name"><![CDATA[confluence]]></property>
<property name="owner"/><property name="namespace"><![CDATA[global]]></property>
<property name="creationDate">2007-07-29 19:33:42.397</property>
<property name="lastModificationDate">2008-08-20 01:06:43.842</property>
</object>
<object class="BodyContent" package="com.atlassian.confluence.core">
<id name="id">68814194</id>
<property name="body"><![CDATA[h1. Google Summer of Code™ 2009 !2009socwithlogo.gif|align=right!

Visit the [Google Summer of Code2009 site|http://socghop.appspot.com/] for more details about the program this year.

For a detailed timeline and further information about the program, review our [Frequently Asked Questions|http://socghop.appspot.com/document/show/program/google/gsoc2009/faqs].

h2. About _Google Summer of Code_

_Google Summer of Code_ is a global program that offers student developers stipends to write code for various open source software projects. We have worked with several open source, free software, and technology-related groups to identify and fund several projects over a three month period.  Since its inception in 2005, the program has brought together nearly 2500 successful student participants and 2500 mentors from 98 countries worldwide, all for the love of code. Through _Google Summer of Code_, accepted student applicants are paired with a mentor or mentors from the participating projects, thus gaining exposure to real-world software development scenarios and the opportunity for employment in areas related to their academic pursuits. In turn, the participating projects are able to more easily identify and bring in new developers. Best of all, more source code is created and released for the use and benefit of all.

To learn more about the program, peruse our 2009[Frequently Asked Questions|http://socghop.appspot.com/document/show/program/google/gsoc2009/faqs]page. You can also subscribe to the[Google Open Source Blog|http://google-opensource.blogspot.com/]or the[Google Summer of Code Discussion Group|http://groups.google.com/group/google-summer-of-code-discuss] to keep abreast of the latest announcements.

h2. Participating in _Google Summer of Code_

For those of you who would like to participate in the program, there are many resources available for you to learn more. Check out the information pages from the [2005|http://code.google.com/soc/2005/], [2006|http://code.google.com/soc/2006/], [2007|http://code.google.com/soc/2007/] and [2008|http://code.google.com/soc/2008/] instances of the program to get a better sense of which projects have participated as mentoring organizations in _Google Summer of Code{_}each year. If you are interested in a particular mentoring organization, just click on its name and you'll find more information about the project, a summary of their students' work and actual source code produced by student participants. You may also find the program Frequently Asked Questions (FAQs) pages for each year to be useful. Finally, check out all the great content and advice on participation produced by the community, for the community, on our [program wiki|http://code.google.com/p/google-summer-of-code/wiki/WikiStart].

If you don't find what you need in the documentation, you can always ask questions on our [program discussion list|http://groups.google.com/group/google-summer-of-code-discuss] or the program IRC channel, #gsoc on [Freenode|http://freenode.net/].

\[_Source_ : [GSoC|http://code.google.com/soc/|GSoC page on Google Code site.]\]]]></property>
<property name="content" class="Page" package="com.atlassian.confluence.pages"><id name="id">68749122</id>
</property>
</object>
<object class="BodyContent" package="com.atlassian.confluence.core">
<id name="id">68813834</id>
<property name="body"><![CDATA[h1. Headings
----
h1. Biggest heading

h2. Bigger heading

h3. Big Heading

h4. Normal Heading

h5. Small Heading

h6. Smallest Heading


h1. Text Effects
----
|| || ||
| *strong* | Makes text strong. |
| _emphasis_ | Makes text emphasis. |
| ??citation?? | Makes text in citation. |
| strikethrough | Makes text as strikethrough. |
| +underlined+ | Makes text as underlined. |
| superscript | Makes text in superscript. |
| ~subscript~ | Makes text in subscript. |
| {{text will}} | {{be monospaced}} Makes text as code text |
| bq. Some block quoted text | Some block quoted text |
| {quote}
here is quoteable \\
content to be quoted
{quote} | Quote a block of text that's longer than one paragraph. |
| {color:red}look ma, red text\!{color} | Changes the color of a block of text. |


h1. Text Breaks

|| || ||
| | |
| | |
| | |
| | |
----]]></property>
<property name="content" class="Page" package="com.atlassian.confluence.pages"><id name="id">68748512</id>
</property>
</object>
<object class="BodyContent" package="com.atlassian.confluence.core">
<id name="id">68814186</id>
<property name="body"><![CDATA[Long way to go.. Lots of Syntax to be added .]]></property>
<property name="content" class="Comment" package="com.atlassian.confluence.pages"><id name="id">68749114</id>
</property>
</object>
<object class="BodyContent" package="com.atlassian.confluence.core">
<id name="id">68814187</id>
<property name="body"><![CDATA[h1. Headings
----
h1. Biggest heading

h2. Bigger heading

h3. Big Heading

h4. Normal Heading

h5. Small Heading

h6. Smallest Heading


h1. Text Effects
----
|| || ||
| *strong* | Makes text strong. |
| _emphasis_ | Makes text emphasis. |
| ??citation?? | Makes text in citation. |
| strikethrough | Makes text as strikethrough. |
| +underlined+ | Makes text as underlined. |
| superscript | Makes text in superscript. |
| ~subscript~ | Makes text in subscript. |
| {{text will}} | {{be monospaced}} Makes text as code text |
| bq. Some block quoted text | Some block quoted text |
| {quote}
here is quoteable \\
content to be quoted
{quote} | Quote a block of text that's longer than one paragraph. |
| {color:red}look ma, red text\!{color} | Changes the color of a block of text. |


h1. Lists
----
* some
* bullet
** indented
** bullets
* points 

- different
- bullet
- types 

# a
# numbered
# list 

# a
# numbered
#* with
#* nested
#* bullet
# list

* a
* bulletted
*# with
*# nested
*# numbered
* list

{dynamictasklist:thingsToDo}]]></property>
<property name="content" class="Page" package="com.atlassian.confluence.pages"><id name="id">68749115</id>
</property>
</object>
<object class="BodyContent" package="com.atlassian.confluence.core">
<id name="id">68814193</id>
<property name="body"><![CDATA[h1. Google Summer of Code™ 2009

Visit the [Google Summer of Code2009 site|http://socghop.appspot.com/] for more details about the program this year.

For a detailed timeline and further information about the program, review our [Frequently Asked Questions|http://socghop.appspot.com/document/show/program/google/gsoc2009/faqs].

h2. About _Google Summer of Code_

_Google Summer of Code_ is a global program that offers student developers stipends to write code for various open source software projects. We have worked with several open source, free software, and technology-related groups to identify and fund several projects over a three month period.  Since its inception in 2005, the program has brought together nearly 2500 successful student participants and 2500 mentors from 98 countries worldwide, all for the love of code. Through _Google Summer of Code_, accepted student applicants are paired with a mentor or mentors from the participating projects, thus gaining exposure to real-world software development scenarios and the opportunity for employment in areas related to their academic pursuits. In turn, the participating projects are able to more easily identify and bring in new developers. Best of all, more source code is created and released for the use and benefit of all.

To learn more about the program, peruse our 2009[Frequently Asked Questions|http://socghop.appspot.com/document/show/program/google/gsoc2009/faqs]page. You can also subscribe to the[Google Open Source Blog|http://google-opensource.blogspot.com/]or the[Google Summer of Code Discussion Group|http://groups.google.com/group/google-summer-of-code-discuss] to keep abreast of the latest announcements.

h2. Participating in _Google Summer of Code_

For those of you who would like to participate in the program, there are many resources available for you to learn more. Check out the information pages from the [2005|http://code.google.com/soc/2005/], [2006|http://code.google.com/soc/2006/], [2007|http://code.google.com/soc/2007/] and [2008|http://code.google.com/soc/2008/] instances of the program to get a better sense of which projects have participated as mentoring organizations in _Google Summer of Code{_}each year. If you are interested in a particular mentoring organization, just click on its name and you'll find more information about the project, a summary of their students' work and actual source code produced by student participants. You may also find the program Frequently Asked Questions (FAQs) pages for each year to be useful. Finally, check out all the great content and advice on participation produced by the community, for the community, on our [program wiki|http://code.google.com/p/google-summer-of-code/wiki/WikiStart].

If you don't find what you need in the documentation, you can always ask questions on our [program discussion list|http://groups.google.com/group/google-summer-of-code-discuss] or the program IRC channel, #gsoc on [Freenode|http://freenode.net/].

\[_Source_ : [GSoC|http://code.google.com/soc/|GSoC page on Google Code site.]\]]]></property>
<property name="content" class="Page" package="com.atlassian.confluence.pages"><id name="id">68749121</id>
</property>
</object>
<object class="BodyContent" package="com.atlassian.confluence.core">
<id name="id">68814179</id>
<property name="body"><![CDATA[First Comment]]></property>
<property name="content" class="Comment" package="com.atlassian.confluence.pages"><id name="id">68749107</id>
</property>
</object>
<object class="BodyContent" package="com.atlassian.confluence.core">
<id name="id">68814185</id>
<property name="body"><![CDATA[Confluence Syntax is similiar to XWiki in most of the cases.]]></property>
<property name="content" class="Comment" package="com.atlassian.confluence.pages"><id name="id">68749113</id>
</property>
</object>
<object class="BodyContent" package="com.atlassian.confluence.core">
<id name="id">68814184</id>
<property name="body"><![CDATA[2nd Comment on Confluence Wiki Features.]]></property>
<property name="content" class="Comment" package="com.atlassian.confluence.pages"><id name="id">68749112</id>
</property>
</object>
<object class="BodyContent" package="com.atlassian.confluence.core">
<id name="id">68814183</id>
<property name="body"><![CDATA[Comment on Confluence Wiki Features]]></property>
<property name="content" class="Comment" package="com.atlassian.confluence.pages"><id name="id">68749111</id>
</property>
</object>
<object class="BodyContent" package="com.atlassian.confluence.core">
<id name="id">68813828</id>
<property name="body"><![CDATA[]]></property>
<property name="content" class="Page" package="com.atlassian.confluence.pages"><id name="id">68748505</id>
</property>
</object>
<object class="BodyContent" package="com.atlassian.confluence.core">
<id name="id">68813806</id>
<property name="body"><![CDATA[*Welcome to _your_ Confluence space.*

Confluence makes it simple to edit, create and share content with your colleagues.

Why not start by editing this page itself? It's yours to customise!

!home.gif|align=center!

h4. Looking for more information?

* The [Team Hosted Resources|http://confluence.atlassian.com/display/CSH/Confluence+Team+Hosted+Resources] contain useful information such as user guides and FAQs.
* Our [Feature Tour|http://www.atlassian.com/software/confluence/features/] provides a great overview of Confluence's capabilities.
* The [User Guide|http://confluence.atlassian.com/display/DOC/Confluence+User+Guide] explains how to use Confluence's features in detail. 

Questions? Comments? [We're here to help!|http://www.atlassian.com/about/contactform.jsp]

]]></property>
<property name="content" class="Page" package="com.atlassian.confluence.pages"><id name="id">68748478</id>
</property>
</object>
<object class="BodyContent" package="com.atlassian.confluence.core">
<id name="id">68813803</id>
<property name="body"><![CDATA[]]></property>
<property name="content" class="SpaceDescription" package="com.atlassian.confluence.spaces"><id name="id">68748473</id>
</property>
</object>
<object class="SpaceDescription" package="com.atlassian.confluence.spaces">
<id name="id">68749138</id>
<property name="title"/><collection name="bodyContents"><element class="BodyContent" package="com.atlassian.confluence.core"><id name="id">68814207</id>
</element>
</collection>
<property name="version">1</property>
<property name="creatorName"><![CDATA[csh_admin]]></property>
<property name="creationDate">2009-07-10 00:02:59.014</property>
<property name="lastModifierName"><![CDATA[csh_admin]]></property>
<property name="lastModificationDate">2009-07-10 00:02:59.074</property>
<property name="versionComment"><![CDATA[]]></property>
<property name="originalVersion" class="SpaceDescription" package="com.atlassian.confluence.spaces"><id name="id">68748473</id>
</property>
<property name="contentStatus"><![CDATA[current]]></property>
</object>
<object class="Label" package="com.atlassian.confluence.labels">
<id name="id">69042222</id>
<property name="name"><![CDATA[xwiki]]></property>
<property name="owner"/><property name="namespace"><![CDATA[global]]></property>
<property name="creationDate">2009-07-10 07:36:25.726</property>
<property name="lastModificationDate">2009-07-10 07:36:25.726</property>
</object>
<object class="Label" package="com.atlassian.confluence.labels">
<id name="id">69042221</id>
<property name="name"><![CDATA[features]]></property>
<property name="owner"/><property name="namespace"><![CDATA[global]]></property>
<property name="creationDate">2009-07-10 07:36:25.607</property>
<property name="lastModificationDate">2009-07-10 07:36:25.607</property>
</object>
<object class="BodyContent" package="com.atlassian.confluence.core">
<id name="id">68813811</id>
<property name="body"><![CDATA[*Welcome to XWiki Importer.*

Confluence to XWiki.

h1. Import Export from any other Wiki

The objective of this is to create an extensible framework to import export data between wikis from a rich UI. It includes converting and importing the data into Xwiki from various supported export formats of other wikis. Mostly it will be a batch import along with text, metadata, links, attachments etc. The export feature involves exporting the Xwiki data into syntax free formats like XML(XDOM).

This feature will be of &nbsp;great help to Xwiki users who want to migrate their site from other wikis like Confluence, MediaWiki, JspWiki, Twiki ... to Xwiki with ease.&nbsp;

h2. Features

# A Rich User Interface ( Wizard Approach)
# Supports Multiple Syntaxes. Confluence, Mediawiki, Twiki, Jspwiki, Creole etc..
# Customizable import. Preserve metadata, links to other pages, attachements and spaces.&nbsp;
# Content Specific warnings in case of &nbsp;issues with conversion of scripts or macros from one wiki to another.
# A complete step by step documentation for users on how to export the acceptable formats from other wikis and import the same into XWiki.

h2.
!Confluence 2 XWiki!]]></property>
<property name="content" class="Page" package="com.atlassian.confluence.pages"><id name="id">68748484</id>
</property>
</object>
<object class="Label" package="com.atlassian.confluence.labels">
<id name="id">69042223</id>
<property name="name"><![CDATA[syntax]]></property>
<property name="owner"/><property name="namespace"><![CDATA[global]]></property>
<property name="creationDate">2009-07-10 07:40:04.481</property>
<property name="lastModificationDate">2009-07-10 07:40:04.481</property>
</object>
<object class="Label" package="com.atlassian.confluence.labels">
<id name="id">69042224</id>
<property name="name"><![CDATA[importer]]></property>
<property name="owner"/><property name="namespace"><![CDATA[global]]></property>
<property name="creationDate">2009-07-10 07:40:04.510</property>
<property name="lastModificationDate">2009-07-10 07:40:04.510</property>
</object>
<object class="BodyContent" package="com.atlassian.confluence.core">
<id name="id">68814207</id>
<property name="body"><![CDATA[]]></property>
<property name="content" class="SpaceDescription" package="com.atlassian.confluence.spaces"><id name="id">68749138</id>
</property>
</object>
</hibernate-generic>